P1,Teclado mecánico,Teclado retroiluminado switch azul,19990,10
P2,Mouse óptico,Mouse USB 1200dpi,5990,25
P3,Monitor 24",Monitor IPS Full HD,119990,5
P4,Notebook 15.6",Intel i5,8GB RAM,SSD 256GB,429990,3
P5,Auriculares,Auriculares inalámbricos bluetooth,29990,15
P6,Parlante portátil,Parlante bluetooth resistente al agua,24990,12
P7,Impresora multifuncional,Inyección de tinta Wi-Fi,69990,4
P8,Disco SSD 1TB,Unidad de estado sólido NVMe,99990,6
P9,Memoria USB 32GB,Memoria flash USB 3.0,5990,30
P10,Router Wi-Fi 6,Router doble banda,74990,2
